DELETE FROM employee;
DELETE FROM salary;
DELETE FROM payment_history;
DELETE FROM payment_item;
DELETE FROM bonus;
DELETE FROM allowance;

INSERT INTO employee VALUES(860541,'Debendra Osmani','Khulna',01725818649,'deb18@gmail.com');
INSERT INTO employee VALUES(860543,'Anwar Hossain','Khulna',01846623873,'hossain433@gmail.com');
INSERT INTO employee VALUES(860733,'Forhad Aziz','Barisal',01834849717,'93forhad@gmail.com');
INSERT INTO employee VALUES(861403,'Nazirul Haque','Bogra',01518942057,'nazi45@outlook.com');
INSERT INTO employee VALUES(860554,'Talvia Ara','Khulna',01614773937,'ara@gmail.com');
INSERT INTO employee VALUES(860782,'Nazmul Hossain','Barisal',01864825734,'nazm@gmail.com');
INSERT INTO employee VALUES(860314,'Mahmud Bondhon','Dhaka',015242084469,'bondhon@gmail.com');
INSERT INTO employee VALUES(860522,'Nafe Haque','Khulna',01780007409,'nafe@gmail.com');
INSERT INTO employee VALUES(860839,'Shamima Khatun','Chattogram',01756460464,'shamima@gmail.com');
INSERT INTO employee VALUES(860343,'Nayan Hossain','Dhaka',0178795343,'nayan@gmail.com');

INSERT INTO salary VALUES(860541,'Debendra','Osmani',74230);
INSERT INTO salary VALUES(860543,'Anwar','Hossain',71600);
INSERT INTO salary VALUES(860733,'Forhad','Aziz',66500);
INSERT INTO salary VALUES(861403,'Nazirul','Haque',67900);
INSERT INTO salary VALUES(860554,'Talvia','Ara',71790);
INSERT INTO salary VALUES(860782,'Nazmul','Hossain',65240);
INSERT INTO salary VALUES(860314,'Mahmud','Bondhon',75300);
INSERT INTO salary VALUES(860522,'Nafe','Haque',71500);
INSERT INTO salary VALUES(860839,'Shamima','Khatun',72650);
INSERT INTO salary VALUES(860343,'Nayan','Hossain',73590);

INSERT INTO payment_history VALUES(860541,'9G70HPEI3S','01-JUN-2022','10:23AM');
INSERT INTO payment_history VALUES(860543,'9G76HMNHCU','01-JUN-2022','11:00AM');
INSERT INTO payment_history VALUES(860733,'9G50EVD0AM','03-JUN-2022','04:02PM');
INSERT INTO payment_history VALUES(861403,'9G45EBEFRT','04-JUN-2022','05:30PM');
INSERT INTO payment_history VALUES(860554,'9G47E1NFUY','01-JUN-2022','10:45AM');
INSERT INTO payment_history VALUES(860782,'9G47E158KR','03-JUN-2022','10:15AM');
INSERT INTO payment_history VALUES(860314,'9G589LNFUI','05-JUN-2022','12:04PM');
INSERT INTO payment_history VALUES(860522,'9GOKR90M0T','03-JUN-2022','01:25PM');
INSERT INTO payment_history VALUES(860839,'9G47JKOA90','02-JUN-2022','10:45AM');
INSERT INTO payment_history VALUES(860343,'9G47E1NFUT','01-JUN-2022','02:00PM');

INSERT INTO payment_item VALUES(860541,30000,640,90,500);
INSERT INTO payment_item VALUES(860543,30000,600,100,500);
INSERT INTO payment_item VALUES(860733,30000,500,100,400);
INSERT INTO payment_item VALUES(861403,30000,500,100,500);
INSERT INTO payment_item VALUES(860554,30000,550,90,550);
INSERT INTO payment_item VALUES(860782,30000,650,90,600);
INSERT INTO payment_item VALUES(860314,30000,600,100,600);
INSERT INTO payment_item VALUES(860522,30000,600,100,550);
INSERT INTO payment_item VALUES(860839,30000,650,100,400);
INSERT INTO payment_item VALUES(860343,30000,500,90,450);

INSERT INTO bonus VALUES(860541,'7000','15000','N/A');
INSERT INTO bonus VALUES(860543,'5000','15000','N/A');
INSERT INTO bonus VALUES(860733,'5500','15000','N/A');
INSERT INTO bonus VALUES(861403,'6000','15000','N/A');
INSERT INTO bonus VALUES(860554,'5000','15000','N/A');
INSERT INTO bonus VALUES(860782,'4000','15000','N/A');
INSERT INTO bonus VALUES(860314,'7000','15000','N/A');
INSERT INTO bonus VALUES(860522,'5000','15000','N/A');
INSERT INTO bonus VALUES(860839,'6000','15000','N/A');
INSERT INTO bonus VALUES(860343,'6500','15000','N/A');

INSERT INTO allowance VALUES(860541,'1500','500','19000');
INSERT INTO allowance VALUES(860543,'1500','500','19000');
INSERT INTO allowance VALUES(860733,'1500','500','13000');
INSERT INTO allowance VALUES(861403,'1500','500','14000');
INSERT INTO allowance VALUES(860554,'1500','500','19000');
INSERT INTO allowance VALUES(860782,'1500','500','13000');
INSERT INTO allowance VALUES(860314,'1500','500','20000');
INSERT INTO allowance VALUES(860522,'1500','500','19000');
INSERT INTO allowance VALUES(860839,'1500','500','19000');
INSERT INTO allowance VALUES(860343,'1500','500','20000');